method,coupling_type,noise_level,simulation,computation_time,auc_roc,auc_pr,accuracy,precision,recall,f1_score,strength_correlation,optimal_sensitivity,optimal_specificity
SMTE,linear,0.2,0,0.07280707359313965,0.8558201058201058,0.6573747485844577,0.5454545454545454,0.09090909090909091,1.0,0.16666666666666666,0.3760814693499286,0.6666666666666666,0.9920634920634921
Pearson_Correlation,linear,0.2,0,0.02879786491394043,0.41468253968253965,0.03782204737642318,0.5,0.045454545454545456,0.5,0.08333333333333333,-0.07150752265100417,0.5,0.6746031746031746
Lagged_Correlation,linear,0.2,0,0.1449270248413086,1.0,1.0,0.5454545454545454,0.09090909090909091,1.0,0.16666666666666666,0.7718581456414912,1.0,1.0
Partial_Correlation,linear,0.2,0,0.03663206100463867,0.5,0.5227272727272727,0.9545454545454546,0.0,0.0,0.0,,0.0,1.0
Mutual_Information,linear,0.2,0,0.018621206283569336,0.5952380952380952,0.052409944937869504,0.5,0.045454545454545456,0.5,0.08333333333333333,0.053762695115467544,0.8333333333333334,0.4841269841269841
Granger_Causality,linear,0.2,0,5.888938903808594e-05,0.5,0.5227272727272727,0.9545454545454546,0.0,0.0,0.0,,0.0,1.0
Phase_Lag_Index,linear,0.2,0,0.0013680458068847656,0.8267195767195767,0.6737614237614238,0.5454545454545454,0.078125,0.8333333333333334,0.14285714285714285,0.5603181351123843,0.8333333333333334,0.9603174603174603
Coherence,linear,0.2,0,0.015871286392211914,0.9867724867724867,0.6611111111111111,0.5454545454545454,0.09090909090909091,1.0,0.16666666666666666,0.6040668127296396,1.0,0.9682539682539683
SMTE,linear,0.2,1,0.07335996627807617,0.8558201058201058,0.6573747485844577,0.5454545454545454,0.09090909090909091,1.0,0.16666666666666666,0.3760814693499286,0.6666666666666666,0.9920634920634921
Pearson_Correlation,linear,0.2,1,0.0332942008972168,0.41468253968253965,0.03782204737642318,0.5,0.045454545454545456,0.5,0.08333333333333333,-0.07150752265100417,0.5,0.6746031746031746
Lagged_Correlation,linear,0.2,1,0.14664506912231445,1.0,1.0,0.5454545454545454,0.09090909090909091,1.0,0.16666666666666666,0.7718581456414912,1.0,1.0
Partial_Correlation,linear,0.2,1,0.027843236923217773,0.5,0.5227272727272727,0.9545454545454546,0.0,0.0,0.0,,0.0,1.0
Mutual_Information,linear,0.2,1,0.016770124435424805,0.5952380952380952,0.052409944937869504,0.5,0.045454545454545456,0.5,0.08333333333333333,0.053762695115467544,0.8333333333333334,0.4841269841269841
Granger_Causality,linear,0.2,1,8.0108642578125e-05,0.5,0.5227272727272727,0.9545454545454546,0.0,0.0,0.0,,0.0,1.0
Phase_Lag_Index,linear,0.2,1,0.0006170272827148438,0.8267195767195767,0.6737614237614238,0.5454545454545454,0.078125,0.8333333333333334,0.14285714285714285,0.5603181351123843,0.8333333333333334,0.9603174603174603
Coherence,linear,0.2,1,0.016239643096923828,0.9867724867724867,0.6611111111111111,0.5454545454545454,0.09090909090909091,1.0,0.16666666666666666,0.6040668127296396,1.0,0.9682539682539683
SMTE,linear,0.2,2,0.07262611389160156,0.8558201058201058,0.6573747485844577,0.5454545454545454,0.09090909090909091,1.0,0.16666666666666666,0.3760814693499286,0.6666666666666666,0.9920634920634921
Pearson_Correlation,linear,0.2,2,0.0291900634765625,0.41468253968253965,0.03782204737642318,0.5,0.045454545454545456,0.5,0.08333333333333333,-0.07150752265100417,0.5,0.6746031746031746
Lagged_Correlation,linear,0.2,2,0.14312314987182617,1.0,1.0,0.5454545454545454,0.09090909090909091,1.0,0.16666666666666666,0.7718581456414912,1.0,1.0
Partial_Correlation,linear,0.2,2,0.026901960372924805,0.5,0.5227272727272727,0.9545454545454546,0.0,0.0,0.0,,0.0,1.0
Mutual_Information,linear,0.2,2,0.016177892684936523,0.5952380952380952,0.052409944937869504,0.5,0.045454545454545456,0.5,0.08333333333333333,0.053762695115467544,0.8333333333333334,0.4841269841269841
Granger_Causality,linear,0.2,2,8.702278137207031e-05,0.5,0.5227272727272727,0.9545454545454546,0.0,0.0,0.0,,0.0,1.0
Phase_Lag_Index,linear,0.2,2,0.0005991458892822266,0.8267195767195767,0.6737614237614238,0.5454545454545454,0.078125,0.8333333333333334,0.14285714285714285,0.5603181351123843,0.8333333333333334,0.9603174603174603
Coherence,linear,0.2,2,0.016003131866455078,0.9867724867724867,0.6611111111111111,0.5454545454545454,0.09090909090909091,1.0,0.16666666666666666,0.6040668127296396,1.0,0.9682539682539683
SMTE,linear,0.2,3,0.07304811477661133,0.8558201058201058,0.6573747485844577,0.5454545454545454,0.09090909090909091,1.0,0.16666666666666666,0.3760814693499286,0.6666666666666666,0.9920634920634921
Pearson_Correlation,linear,0.2,3,0.029294729232788086,0.41468253968253965,0.03782204737642318,0.5,0.045454545454545456,0.5,0.08333333333333333,-0.07150752265100417,0.5,0.6746031746031746
Lagged_Correlation,linear,0.2,3,0.14522910118103027,1.0,1.0,0.5454545454545454,0.09090909090909091,1.0,0.16666666666666666,0.7718581456414912,1.0,1.0
Partial_Correlation,linear,0.2,3,0.028111696243286133,0.5,0.5227272727272727,0.9545454545454546,0.0,0.0,0.0,,0.0,1.0
Mutual_Information,linear,0.2,3,0.01656198501586914,0.5952380952380952,0.052409944937869504,0.5,0.045454545454545456,0.5,0.08333333333333333,0.053762695115467544,0.8333333333333334,0.4841269841269841
Granger_Causality,linear,0.2,3,8.416175842285156e-05,0.5,0.5227272727272727,0.9545454545454546,0.0,0.0,0.0,,0.0,1.0
Phase_Lag_Index,linear,0.2,3,0.0006079673767089844,0.8267195767195767,0.6737614237614238,0.5454545454545454,0.078125,0.8333333333333334,0.14285714285714285,0.5603181351123843,0.8333333333333334,0.9603174603174603
Coherence,linear,0.2,3,0.016251087188720703,0.9867724867724867,0.6611111111111111,0.5454545454545454,0.09090909090909091,1.0,0.16666666666666666,0.6040668127296396,1.0,0.9682539682539683
SMTE,linear,0.2,4,0.07208895683288574,0.8558201058201058,0.6573747485844577,0.5454545454545454,0.09090909090909091,1.0,0.16666666666666666,0.3760814693499286,0.6666666666666666,0.9920634920634921
Pearson_Correlation,linear,0.2,4,0.029267311096191406,0.41468253968253965,0.03782204737642318,0.5,0.045454545454545456,0.5,0.08333333333333333,-0.07150752265100417,0.5,0.6746031746031746
Lagged_Correlation,linear,0.2,4,0.1449289321899414,1.0,1.0,0.5454545454545454,0.09090909090909091,1.0,0.16666666666666666,0.7718581456414912,1.0,1.0
Partial_Correlation,linear,0.2,4,0.02704787254333496,0.5,0.5227272727272727,0.9545454545454546,0.0,0.0,0.0,,0.0,1.0
Mutual_Information,linear,0.2,4,0.01634979248046875,0.5952380952380952,0.052409944937869504,0.5,0.045454545454545456,0.5,0.08333333333333333,0.053762695115467544,0.8333333333333334,0.4841269841269841
Granger_Causality,linear,0.2,4,8.20159912109375e-05,0.5,0.5227272727272727,0.9545454545454546,0.0,0.0,0.0,,0.0,1.0
Phase_Lag_Index,linear,0.2,4,0.0005819797515869141,0.8267195767195767,0.6737614237614238,0.5454545454545454,0.078125,0.8333333333333334,0.14285714285714285,0.5603181351123843,0.8333333333333334,0.9603174603174603
Coherence,linear,0.2,4,0.016264915466308594,0.9867724867724867,0.6611111111111111,0.5454545454545454,0.09090909090909091,1.0,0.16666666666666666,0.6040668127296396,1.0,0.9682539682539683
SMTE,linear,0.5,0,0.07239103317260742,0.5595238095238095,0.06056479141879527,0.5,0.045454545454545456,0.5,0.08333333333333333,0.0555407961819951,1.0,0.18253968253968256
Pearson_Correlation,linear,0.5,0,0.03002190589904785,0.38822751322751325,0.03467311379915295,0.5,0.045454545454545456,0.5,0.08333333333333333,-0.08917788203119585,0.6666666666666666,0.3492063492063492
Lagged_Correlation,linear,0.5,0,0.14722013473510742,1.0,1.0,0.5454545454545454,0.09090909090909091,1.0,0.16666666666666666,0.683266816491882,1.0,1.0
Partial_Correlation,linear,0.5,0,0.027059078216552734,0.5,0.5227272727272727,0.9545454545454546,0.0,0.0,0.0,,0.0,1.0
Mutual_Information,linear,0.5,0,0.01701974868774414,0.794973544973545,0.394391184563351,0.5454545454545454,0.09090909090909091,1.0,0.16666666666666666,0.29040703062641476,1.0,0.5714285714285714
Granger_Causality,linear,0.5,0,9.202957153320312e-05,0.5,0.5227272727272727,0.9545454545454546,0.0,0.0,0.0,,0.0,1.0
Phase_Lag_Index,linear,0.5,0,0.0006110668182373047,0.8293650793650794,0.5762509817615742,0.5606060606060606,0.08064516129032258,0.8333333333333334,0.14705882352941177,0.4689437835867061,0.6666666666666666,0.9682539682539683
Coherence,linear,0.5,0,0.016396045684814453,0.953042328042328,0.5962826797385621,0.5454545454545454,0.09090909090909091,1.0,0.16666666666666666,0.47970696013703984,0.8333333333333334,0.9761904761904762
SMTE,linear,0.5,1,0.07357501983642578,0.5595238095238095,0.06056479141879527,0.5,0.045454545454545456,0.5,0.08333333333333333,0.0555407961819951,1.0,0.18253968253968256
Pearson_Correlation,linear,0.5,1,0.029047012329101562,0.38822751322751325,0.03467311379915295,0.5,0.045454545454545456,0.5,0.08333333333333333,-0.08917788203119585,0.6666666666666666,0.3492063492063492
Lagged_Correlation,linear,0.5,1,0.14764189720153809,1.0,1.0,0.5454545454545454,0.09090909090909091,1.0,0.16666666666666666,0.683266816491882,1.0,1.0
Partial_Correlation,linear,0.5,1,0.02708601951599121,0.5,0.5227272727272727,0.9545454545454546,0.0,0.0,0.0,,0.0,1.0
Mutual_Information,linear,0.5,1,0.016824960708618164,0.794973544973545,0.394391184563351,0.5454545454545454,0.09090909090909091,1.0,0.16666666666666666,0.29040703062641476,1.0,0.5714285714285714
Granger_Causality,linear,0.5,1,9.894371032714844e-05,0.5,0.5227272727272727,0.9545454545454546,0.0,0.0,0.0,,0.0,1.0
Phase_Lag_Index,linear,0.5,1,0.0005710124969482422,0.8293650793650794,0.5762509817615742,0.5606060606060606,0.08064516129032258,0.8333333333333334,0.14705882352941177,0.4689437835867061,0.6666666666666666,0.9682539682539683
Coherence,linear,0.5,1,0.015948057174682617,0.953042328042328,0.5962826797385621,0.5454545454545454,0.09090909090909091,1.0,0.16666666666666666,0.47970696013703984,0.8333333333333334,0.9761904761904762
SMTE,linear,0.5,2,0.07325482368469238,0.5595238095238095,0.06056479141879527,0.5,0.045454545454545456,0.5,0.08333333333333333,0.0555407961819951,1.0,0.18253968253968256
Pearson_Correlation,linear,0.5,2,0.03081488609313965,0.38822751322751325,0.03467311379915295,0.5,0.045454545454545456,0.5,0.08333333333333333,-0.08917788203119585,0.6666666666666666,0.3492063492063492
Lagged_Correlation,linear,0.5,2,0.14931988716125488,1.0,1.0,0.5454545454545454,0.09090909090909091,1.0,0.16666666666666666,0.683266816491882,1.0,1.0
Partial_Correlation,linear,0.5,2,0.027144193649291992,0.5,0.5227272727272727,0.9545454545454546,0.0,0.0,0.0,,0.0,1.0
Mutual_Information,linear,0.5,2,0.0158078670501709,0.794973544973545,0.394391184563351,0.5454545454545454,0.09090909090909091,1.0,0.16666666666666666,0.29040703062641476,1.0,0.5714285714285714
Granger_Causality,linear,0.5,2,8.702278137207031e-05,0.5,0.5227272727272727,0.9545454545454546,0.0,0.0,0.0,,0.0,1.0
Phase_Lag_Index,linear,0.5,2,0.0005719661712646484,0.8293650793650794,0.5762509817615742,0.5606060606060606,0.08064516129032258,0.8333333333333334,0.14705882352941177,0.4689437835867061,0.6666666666666666,0.9682539682539683
Coherence,linear,0.5,2,0.0160830020904541,0.953042328042328,0.5962826797385621,0.5454545454545454,0.09090909090909091,1.0,0.16666666666666666,0.47970696013703984,0.8333333333333334,0.9761904761904762
SMTE,linear,0.5,3,0.07357001304626465,0.5595238095238095,0.06056479141879527,0.5,0.045454545454545456,0.5,0.08333333333333333,0.0555407961819951,1.0,0.18253968253968256
Pearson_Correlation,linear,0.5,3,0.028647899627685547,0.38822751322751325,0.03467311379915295,0.5,0.045454545454545456,0.5,0.08333333333333333,-0.08917788203119585,0.6666666666666666,0.3492063492063492
Lagged_Correlation,linear,0.5,3,0.1640329360961914,1.0,1.0,0.5454545454545454,0.09090909090909091,1.0,0.16666666666666666,0.683266816491882,1.0,1.0
Partial_Correlation,linear,0.5,3,0.026988983154296875,0.5,0.5227272727272727,0.9545454545454546,0.0,0.0,0.0,,0.0,1.0
Mutual_Information,linear,0.5,3,0.0164642333984375,0.794973544973545,0.394391184563351,0.5454545454545454,0.09090909090909091,1.0,0.16666666666666666,0.29040703062641476,1.0,0.5714285714285714
Granger_Causality,linear,0.5,3,8.0108642578125e-05,0.5,0.5227272727272727,0.9545454545454546,0.0,0.0,0.0,,0.0,1.0
Phase_Lag_Index,linear,0.5,3,0.0005860328674316406,0.8293650793650794,0.5762509817615742,0.5606060606060606,0.08064516129032258,0.8333333333333334,0.14705882352941177,0.4689437835867061,0.6666666666666666,0.9682539682539683
Coherence,linear,0.5,3,0.01574397087097168,0.953042328042328,0.5962826797385621,0.5454545454545454,0.09090909090909091,1.0,0.16666666666666666,0.47970696013703984,0.8333333333333334,0.9761904761904762
SMTE,linear,0.5,4,0.07323193550109863,0.5595238095238095,0.06056479141879527,0.5,0.045454545454545456,0.5,0.08333333333333333,0.0555407961819951,1.0,0.18253968253968256
Pearson_Correlation,linear,0.5,4,0.029404878616333008,0.38822751322751325,0.03467311379915295,0.5,0.045454545454545456,0.5,0.08333333333333333,-0.08917788203119585,0.6666666666666666,0.3492063492063492
Lagged_Correlation,linear,0.5,4,0.1458299160003662,1.0,1.0,0.5454545454545454,0.09090909090909091,1.0,0.16666666666666666,0.683266816491882,1.0,1.0
Partial_Correlation,linear,0.5,4,0.026163816452026367,0.5,0.5227272727272727,0.9545454545454546,0.0,0.0,0.0,,0.0,1.0
Mutual_Information,linear,0.5,4,0.016325950622558594,0.794973544973545,0.394391184563351,0.5454545454545454,0.09090909090909091,1.0,0.16666666666666666,0.29040703062641476,1.0,0.5714285714285714
Granger_Causality,linear,0.5,4,7.295608520507812e-05,0.5,0.5227272727272727,0.9545454545454546,0.0,0.0,0.0,,0.0,1.0
Phase_Lag_Index,linear,0.5,4,0.0005917549133300781,0.8293650793650794,0.5762509817615742,0.5606060606060606,0.08064516129032258,0.8333333333333334,0.14705882352941177,0.4689437835867061,0.6666666666666666,0.9682539682539683
Coherence,linear,0.5,4,0.0160219669342041,0.953042328042328,0.5962826797385621,0.5454545454545454,0.09090909090909091,1.0,0.16666666666666666,0.47970696013703984,0.8333333333333334,0.9761904761904762
SMTE,linear,0.8,0,0.07196593284606934,0.4894179894179894,0.056474447232961016,0.48484848484848486,0.030303030303030304,0.3333333333333333,0.05555555555555555,0.0022417183648001243,0.3333333333333333,0.8809523809523809
Pearson_Correlation,linear,0.8,0,0.029505014419555664,0.38029100529100535,0.03494409890357279,0.4696969696969697,0.015151515151515152,0.16666666666666666,0.027777777777777776,-0.091978974316823,0.8333333333333334,0.38888888888888884
Lagged_Correlation,linear,0.8,0,0.1468639373779297,0.9867724867724867,0.8395528083028083,0.5454545454545454,0.09090909090909091,1.0,0.16666666666666666,0.5423759342730612,1.0,0.9206349206349207
Partial_Correlation,linear,0.8,0,0.02703690528869629,0.4920634920634921,0.022727272727272728,0.9393939393939394,0.0,0.0,0.0,-0.027066598098038346,0.0,1.0
Mutual_Information,linear,0.8,0,0.015992164611816406,0.6375661375661377,0.40131710524015324,0.5,0.045454545454545456,0.5,0.08333333333333333,0.24129719595399235,0.5,0.9444444444444444
Granger_Causality,linear,0.8,0,8.082389831542969e-05,0.5,0.5227272727272727,0.9545454545454546,0.0,0.0,0.0,,0.0,1.0
Phase_Lag_Index,linear,0.8,0,0.0005831718444824219,0.6679894179894179,0.39638602138602136,0.5303030303030303,0.0625,0.6666666666666666,0.11428571428571428,0.29816018579006476,0.6666666666666666,0.7777777777777778
Coherence,linear,0.8,0,0.01607203483581543,0.8578042328042328,0.40843946741834064,0.5303030303030303,0.07575757575757576,0.8333333333333334,0.1388888888888889,0.34881340824205403,0.8333333333333334,0.8174603174603174
SMTE,linear,0.8,1,0.07349681854248047,0.4894179894179894,0.056474447232961016,0.48484848484848486,0.030303030303030304,0.3333333333333333,0.05555555555555555,0.0022417183648001243,0.3333333333333333,0.8809523809523809
Pearson_Correlation,linear,0.8,1,0.02993917465209961,0.38029100529100535,0.03494409890357279,0.4696969696969697,0.015151515151515152,0.16666666666666666,0.027777777777777776,-0.091978974316823,0.8333333333333334,0.38888888888888884
Lagged_Correlation,linear,0.8,1,0.14586329460144043,0.9867724867724867,0.8395528083028083,0.5454545454545454,0.09090909090909091,1.0,0.16666666666666666,0.5423759342730612,1.0,0.9206349206349207
Partial_Correlation,linear,0.8,1,0.026588916778564453,0.4920634920634921,0.022727272727272728,0.9393939393939394,0.0,0.0,0.0,-0.027066598098038346,0.0,1.0
Mutual_Information,linear,0.8,1,0.016242027282714844,0.6375661375661377,0.40131710524015324,0.5,0.045454545454545456,0.5,0.08333333333333333,0.24129719595399235,0.5,0.9444444444444444
Granger_Causality,linear,0.8,1,7.43865966796875e-05,0.5,0.5227272727272727,0.9545454545454546,0.0,0.0,0.0,,0.0,1.0
Phase_Lag_Index,linear,0.8,1,0.0005738735198974609,0.6679894179894179,0.39638602138602136,0.5303030303030303,0.0625,0.6666666666666666,0.11428571428571428,0.29816018579006476,0.6666666666666666,0.7777777777777778
Coherence,linear,0.8,1,0.016249895095825195,0.8578042328042328,0.40843946741834064,0.5303030303030303,0.07575757575757576,0.8333333333333334,0.1388888888888889,0.34881340824205403,0.8333333333333334,0.8174603174603174
SMTE,linear,0.8,2,0.07462811470031738,0.4894179894179894,0.056474447232961016,0.48484848484848486,0.030303030303030304,0.3333333333333333,0.05555555555555555,0.0022417183648001243,0.3333333333333333,0.8809523809523809
Pearson_Correlation,linear,0.8,2,0.030181169509887695,0.38029100529100535,0.03494409890357279,0.4696969696969697,0.015151515151515152,0.16666666666666666,0.027777777777777776,-0.091978974316823,0.8333333333333334,0.38888888888888884
Lagged_Correlation,linear,0.8,2,0.14774513244628906,0.9867724867724867,0.8395528083028083,0.5454545454545454,0.09090909090909091,1.0,0.16666666666666666,0.5423759342730612,1.0,0.9206349206349207
Partial_Correlation,linear,0.8,2,0.027225971221923828,0.4920634920634921,0.022727272727272728,0.9393939393939394,0.0,0.0,0.0,-0.027066598098038346,0.0,1.0
Mutual_Information,linear,0.8,2,0.016349077224731445,0.6375661375661377,0.40131710524015324,0.5,0.045454545454545456,0.5,0.08333333333333333,0.24129719595399235,0.5,0.9444444444444444
Granger_Causality,linear,0.8,2,8.320808410644531e-05,0.5,0.5227272727272727,0.9545454545454546,0.0,0.0,0.0,,0.0,1.0
Phase_Lag_Index,linear,0.8,2,0.0005960464477539062,0.6679894179894179,0.39638602138602136,0.5303030303030303,0.0625,0.6666666666666666,0.11428571428571428,0.29816018579006476,0.6666666666666666,0.7777777777777778
Coherence,linear,0.8,2,0.020051002502441406,0.8578042328042328,0.40843946741834064,0.5303030303030303,0.07575757575757576,0.8333333333333334,0.1388888888888889,0.34881340824205403,0.8333333333333334,0.8174603174603174
SMTE,linear,0.8,3,0.07543611526489258,0.4894179894179894,0.056474447232961016,0.48484848484848486,0.030303030303030304,0.3333333333333333,0.05555555555555555,0.0022417183648001243,0.3333333333333333,0.8809523809523809
Pearson_Correlation,linear,0.8,3,0.029477834701538086,0.38029100529100535,0.03494409890357279,0.4696969696969697,0.015151515151515152,0.16666666666666666,0.027777777777777776,-0.091978974316823,0.8333333333333334,0.38888888888888884
Lagged_Correlation,linear,0.8,3,0.15340113639831543,0.9867724867724867,0.8395528083028083,0.5454545454545454,0.09090909090909091,1.0,0.16666666666666666,0.5423759342730612,1.0,0.9206349206349207
Partial_Correlation,linear,0.8,3,0.026272058486938477,0.4920634920634921,0.022727272727272728,0.9393939393939394,0.0,0.0,0.0,-0.027066598098038346,0.0,1.0
Mutual_Information,linear,0.8,3,0.016526222229003906,0.6375661375661377,0.40131710524015324,0.5,0.045454545454545456,0.5,0.08333333333333333,0.24129719595399235,0.5,0.9444444444444444
Granger_Causality,linear,0.8,3,0.000102996826171875,0.5,0.5227272727272727,0.9545454545454546,0.0,0.0,0.0,,0.0,1.0
Phase_Lag_Index,linear,0.8,3,0.0005950927734375,0.6679894179894179,0.39638602138602136,0.5303030303030303,0.0625,0.6666666666666666,0.11428571428571428,0.29816018579006476,0.6666666666666666,0.7777777777777778
Coherence,linear,0.8,3,0.01615428924560547,0.8578042328042328,0.40843946741834064,0.5303030303030303,0.07575757575757576,0.8333333333333334,0.1388888888888889,0.34881340824205403,0.8333333333333334,0.8174603174603174
SMTE,linear,0.8,4,0.07305288314819336,0.4894179894179894,0.056474447232961016,0.48484848484848486,0.030303030303030304,0.3333333333333333,0.05555555555555555,0.0022417183648001243,0.3333333333333333,0.8809523809523809
Pearson_Correlation,linear,0.8,4,0.02949213981628418,0.38029100529100535,0.03494409890357279,0.4696969696969697,0.015151515151515152,0.16666666666666666,0.027777777777777776,-0.091978974316823,0.8333333333333334,0.38888888888888884
Lagged_Correlation,linear,0.8,4,0.14763903617858887,0.9867724867724867,0.8395528083028083,0.5454545454545454,0.09090909090909091,1.0,0.16666666666666666,0.5423759342730612,1.0,0.9206349206349207
Partial_Correlation,linear,0.8,4,0.026644229888916016,0.4920634920634921,0.022727272727272728,0.9393939393939394,0.0,0.0,0.0,-0.027066598098038346,0.0,1.0
Mutual_Information,linear,0.8,4,0.01648688316345215,0.6375661375661377,0.40131710524015324,0.5,0.045454545454545456,0.5,0.08333333333333333,0.24129719595399235,0.5,0.9444444444444444
Granger_Causality,linear,0.8,4,8.296966552734375e-05,0.5,0.5227272727272727,0.9545454545454546,0.0,0.0,0.0,,0.0,1.0
Phase_Lag_Index,linear,0.8,4,0.0005679130554199219,0.6679894179894179,0.39638602138602136,0.5303030303030303,0.0625,0.6666666666666666,0.11428571428571428,0.29816018579006476,0.6666666666666666,0.7777777777777778
Coherence,linear,0.8,4,0.0160830020904541,0.8578042328042328,0.40843946741834064,0.5303030303030303,0.07575757575757576,0.8333333333333334,0.1388888888888889,0.34881340824205403,0.8333333333333334,0.8174603174603174
SMTE,nonlinear,0.2,0,0.07378387451171875,0.6732804232804233,0.18169959045639625,0.5303030303030303,0.07575757575757576,0.8333333333333334,0.1388888888888889,0.1632485056493998,0.8333333333333334,0.5634920634920635
Pearson_Correlation,nonlinear,0.2,0,0.02919912338256836,0.4054232804232804,0.03696621898430892,0.5,0.045454545454545456,0.5,0.08333333333333333,-0.07355660642133872,0.5,0.6111111111111112
Lagged_Correlation,nonlinear,0.2,0,0.1464371681213379,0.9748677248677249,0.7384520328599276,0.5454545454545454,0.09090909090909091,1.0,0.16666666666666666,0.4857015011465886,1.0,0.8968253968253969
Partial_Correlation,nonlinear,0.2,0,0.027662992477416992,0.4920634920634921,0.022727272727272728,0.9393939393939394,0.0,0.0,0.0,-0.027066598098038346,0.0,1.0
Mutual_Information,nonlinear,0.2,0,0.0169069766998291,0.7222222222222222,0.4010073891229906,0.5303030303030303,0.07575757575757576,0.8333333333333334,0.1388888888888889,0.2496658652062702,0.8333333333333334,0.5952380952380952
Granger_Causality,nonlinear,0.2,0,7.987022399902344e-05,0.5,0.5227272727272727,0.9545454545454546,0.0,0.0,0.0,,0.0,1.0
Phase_Lag_Index,nonlinear,0.2,0,0.0006060600280761719,0.8796296296296297,0.5413825757575758,0.5303030303030303,0.07575757575757576,0.8333333333333334,0.1388888888888889,0.4483603919634777,0.8333333333333334,0.9126984126984127
Coherence,nonlinear,0.2,0,0.016550779342651367,0.9365079365079365,0.4876713564213564,0.5454545454545454,0.09090909090909091,1.0,0.16666666666666666,0.36199981153738137,1.0,0.7936507936507937
SMTE,nonlinear,0.2,1,0.07273197174072266,0.6732804232804233,0.18169959045639625,0.5303030303030303,0.07575757575757576,0.8333333333333334,0.1388888888888889,0.1632485056493998,0.8333333333333334,0.5634920634920635
Pearson_Correlation,nonlinear,0.2,1,0.029150962829589844,0.4054232804232804,0.03696621898430892,0.5,0.045454545454545456,0.5,0.08333333333333333,-0.07355660642133872,0.5,0.6111111111111112
Lagged_Correlation,nonlinear,0.2,1,0.14679813385009766,0.9748677248677249,0.7384520328599276,0.5454545454545454,0.09090909090909091,1.0,0.16666666666666666,0.4857015011465886,1.0,0.8968253968253969
Partial_Correlation,nonlinear,0.2,1,0.02777409553527832,0.4920634920634921,0.022727272727272728,0.9393939393939394,0.0,0.0,0.0,-0.027066598098038346,0.0,1.0
Mutual_Information,nonlinear,0.2,1,0.016785144805908203,0.7222222222222222,0.4010073891229906,0.5303030303030303,0.07575757575757576,0.8333333333333334,0.1388888888888889,0.2496658652062702,0.8333333333333334,0.5952380952380952
Granger_Causality,nonlinear,0.2,1,8.797645568847656e-05,0.5,0.5227272727272727,0.9545454545454546,0.0,0.0,0.0,,0.0,1.0
Phase_Lag_Index,nonlinear,0.2,1,0.0006110668182373047,0.8796296296296297,0.5413825757575758,0.5303030303030303,0.07575757575757576,0.8333333333333334,0.1388888888888889,0.4483603919634777,0.8333333333333334,0.9126984126984127
Coherence,nonlinear,0.2,1,0.016396760940551758,0.9365079365079365,0.4876713564213564,0.5454545454545454,0.09090909090909091,1.0,0.16666666666666666,0.36199981153738137,1.0,0.7936507936507937
SMTE,nonlinear,0.2,2,0.07253003120422363,0.6732804232804233,0.18169959045639625,0.5303030303030303,0.07575757575757576,0.8333333333333334,0.1388888888888889,0.1632485056493998,0.8333333333333334,0.5634920634920635
Pearson_Correlation,nonlinear,0.2,2,0.029285907745361328,0.4054232804232804,0.03696621898430892,0.5,0.045454545454545456,0.5,0.08333333333333333,-0.07355660642133872,0.5,0.6111111111111112
Lagged_Correlation,nonlinear,0.2,2,0.14764690399169922,0.9748677248677249,0.7384520328599276,0.5454545454545454,0.09090909090909091,1.0,0.16666666666666666,0.4857015011465886,1.0,0.8968253968253969
Partial_Correlation,nonlinear,0.2,2,0.02740621566772461,0.4920634920634921,0.022727272727272728,0.9393939393939394,0.0,0.0,0.0,-0.027066598098038346,0.0,1.0
Mutual_Information,nonlinear,0.2,2,0.016642093658447266,0.7222222222222222,0.4010073891229906,0.5303030303030303,0.07575757575757576,0.8333333333333334,0.1388888888888889,0.2496658652062702,0.8333333333333334,0.5952380952380952
Granger_Causality,nonlinear,0.2,2,8.511543273925781e-05,0.5,0.5227272727272727,0.9545454545454546,0.0,0.0,0.0,,0.0,1.0
Phase_Lag_Index,nonlinear,0.2,2,0.0005688667297363281,0.8796296296296297,0.5413825757575758,0.5303030303030303,0.07575757575757576,0.8333333333333334,0.1388888888888889,0.4483603919634777,0.8333333333333334,0.9126984126984127
Coherence,nonlinear,0.2,2,0.015894651412963867,0.9365079365079365,0.4876713564213564,0.5454545454545454,0.09090909090909091,1.0,0.16666666666666666,0.36199981153738137,1.0,0.7936507936507937
SMTE,nonlinear,0.2,3,0.07202315330505371,0.6732804232804233,0.18169959045639625,0.5303030303030303,0.07575757575757576,0.8333333333333334,0.1388888888888889,0.1632485056493998,0.8333333333333334,0.5634920634920635
Pearson_Correlation,nonlinear,0.2,3,0.029565095901489258,0.4054232804232804,0.03696621898430892,0.5,0.045454545454545456,0.5,0.08333333333333333,-0.07355660642133872,0.5,0.6111111111111112
Lagged_Correlation,nonlinear,0.2,3,0.14812493324279785,0.9748677248677249,0.7384520328599276,0.5454545454545454,0.09090909090909091,1.0,0.16666666666666666,0.4857015011465886,1.0,0.8968253968253969
Partial_Correlation,nonlinear,0.2,3,0.027585983276367188,0.4920634920634921,0.022727272727272728,0.9393939393939394,0.0,0.0,0.0,-0.027066598098038346,0.0,1.0
Mutual_Information,nonlinear,0.2,3,0.01693272590637207,0.7222222222222222,0.4010073891229906,0.5303030303030303,0.07575757575757576,0.8333333333333334,0.1388888888888889,0.2496658652062702,0.8333333333333334,0.5952380952380952
Granger_Causality,nonlinear,0.2,3,9.298324584960938e-05,0.5,0.5227272727272727,0.9545454545454546,0.0,0.0,0.0,,0.0,1.0
Phase_Lag_Index,nonlinear,0.2,3,0.0006079673767089844,0.8796296296296297,0.5413825757575758,0.5303030303030303,0.07575757575757576,0.8333333333333334,0.1388888888888889,0.4483603919634777,0.8333333333333334,0.9126984126984127
Coherence,nonlinear,0.2,3,0.01669597625732422,0.9365079365079365,0.4876713564213564,0.5454545454545454,0.09090909090909091,1.0,0.16666666666666666,0.36199981153738137,1.0,0.7936507936507937
SMTE,nonlinear,0.2,4,0.07414674758911133,0.6732804232804233,0.18169959045639625,0.5303030303030303,0.07575757575757576,0.8333333333333334,0.1388888888888889,0.1632485056493998,0.8333333333333334,0.5634920634920635
Pearson_Correlation,nonlinear,0.2,4,0.02977585792541504,0.4054232804232804,0.03696621898430892,0.5,0.045454545454545456,0.5,0.08333333333333333,-0.07355660642133872,0.5,0.6111111111111112
Lagged_Correlation,nonlinear,0.2,4,0.14979100227355957,0.9748677248677249,0.7384520328599276,0.5454545454545454,0.09090909090909091,1.0,0.16666666666666666,0.4857015011465886,1.0,0.8968253968253969
Partial_Correlation,nonlinear,0.2,4,0.027098894119262695,0.4920634920634921,0.022727272727272728,0.9393939393939394,0.0,0.0,0.0,-0.027066598098038346,0.0,1.0
Mutual_Information,nonlinear,0.2,4,0.016663074493408203,0.7222222222222222,0.4010073891229906,0.5303030303030303,0.07575757575757576,0.8333333333333334,0.1388888888888889,0.2496658652062702,0.8333333333333334,0.5952380952380952
Granger_Causality,nonlinear,0.2,4,9.012222290039062e-05,0.5,0.5227272727272727,0.9545454545454546,0.0,0.0,0.0,,0.0,1.0
Phase_Lag_Index,nonlinear,0.2,4,0.0006039142608642578,0.8796296296296297,0.5413825757575758,0.5303030303030303,0.07575757575757576,0.8333333333333334,0.1388888888888889,0.4483603919634777,0.8333333333333334,0.9126984126984127
Coherence,nonlinear,0.2,4,0.0165402889251709,0.9365079365079365,0.4876713564213564,0.5454545454545454,0.09090909090909091,1.0,0.16666666666666666,0.36199981153738137,1.0,0.7936507936507937
SMTE,nonlinear,0.5,0,0.07332611083984375,0.41798941798941797,0.07292618420975597,0.48484848484848486,0.030303030303030304,0.3333333333333333,0.05555555555555555,-0.020333591237322514,0.3333333333333333,0.9523809523809523
Pearson_Correlation,nonlinear,0.5,0,0.029728174209594727,0.36507936507936506,0.033199073413832256,0.5,0.045454545454545456,0.5,0.08333333333333333,-0.09233877262059081,0.5,0.5158730158730158
Lagged_Correlation,nonlinear,0.5,0,0.14729595184326172,0.8968253968253969,0.3483991637293524,0.5454545454545454,0.09090909090909091,1.0,0.16666666666666666,0.35709183205946704,0.8333333333333334,0.8650793650793651
Partial_Correlation,nonlinear,0.5,0,0.027524948120117188,0.5,0.5227272727272727,0.9545454545454546,0.0,0.0,0.0,,0.0,1.0
Mutual_Information,nonlinear,0.5,0,0.017037153244018555,0.5112433862433862,0.043514591863092034,0.5151515151515151,0.06060606060606061,0.6666666666666666,0.1111111111111111,-0.005382272482803234,0.6666666666666666,0.5079365079365079
Granger_Causality,nonlinear,0.5,0,7.390975952148438e-05,0.5,0.5227272727272727,0.9545454545454546,0.0,0.0,0.0,,0.0,1.0
Phase_Lag_Index,nonlinear,0.5,0,0.0006098747253417969,0.7843915343915344,0.1826526675485009,0.6515151515151515,0.1,0.8333333333333334,0.17857142857142858,0.3167304378134475,0.8333333333333334,0.7857142857142857
Coherence,nonlinear,0.5,0,0.017401933670043945,0.8273809523809523,0.2989523429321224,0.5454545454545454,0.09090909090909091,1.0,0.16666666666666666,0.2980903558384722,0.8333333333333334,0.7063492063492063
SMTE,nonlinear,0.5,1,0.07408523559570312,0.41798941798941797,0.07292618420975597,0.48484848484848486,0.030303030303030304,0.3333333333333333,0.05555555555555555,-0.020333591237322514,0.3333333333333333,0.9523809523809523
Pearson_Correlation,nonlinear,0.5,1,0.03018808364868164,0.36507936507936506,0.033199073413832256,0.5,0.045454545454545456,0.5,0.08333333333333333,-0.09233877262059081,0.5,0.5158730158730158
Lagged_Correlation,nonlinear,0.5,1,0.14678192138671875,0.8968253968253969,0.3483991637293524,0.5454545454545454,0.09090909090909091,1.0,0.16666666666666666,0.35709183205946704,0.8333333333333334,0.8650793650793651
Partial_Correlation,nonlinear,0.5,1,0.026610136032104492,0.5,0.5227272727272727,0.9545454545454546,0.0,0.0,0.0,,0.0,1.0
Mutual_Information,nonlinear,0.5,1,0.016790151596069336,0.5112433862433862,0.043514591863092034,0.5151515151515151,0.06060606060606061,0.6666666666666666,0.1111111111111111,-0.005382272482803234,0.6666666666666666,0.5079365079365079
Granger_Causality,nonlinear,0.5,1,8.416175842285156e-05,0.5,0.5227272727272727,0.9545454545454546,0.0,0.0,0.0,,0.0,1.0
Phase_Lag_Index,nonlinear,0.5,1,0.0006022453308105469,0.7843915343915344,0.1826526675485009,0.6515151515151515,0.1,0.8333333333333334,0.17857142857142858,0.3167304378134475,0.8333333333333334,0.7857142857142857
Coherence,nonlinear,0.5,1,0.01681375503540039,0.8273809523809523,0.2989523429321224,0.5454545454545454,0.09090909090909091,1.0,0.16666666666666666,0.2980903558384722,0.8333333333333334,0.7063492063492063
SMTE,nonlinear,0.5,2,0.07369017601013184,0.41798941798941797,0.07292618420975597,0.48484848484848486,0.030303030303030304,0.3333333333333333,0.05555555555555555,-0.020333591237322514,0.3333333333333333,0.9523809523809523
Pearson_Correlation,nonlinear,0.5,2,0.0297391414642334,0.36507936507936506,0.033199073413832256,0.5,0.045454545454545456,0.5,0.08333333333333333,-0.09233877262059081,0.5,0.5158730158730158
Lagged_Correlation,nonlinear,0.5,2,0.14650392532348633,0.8968253968253969,0.3483991637293524,0.5454545454545454,0.09090909090909091,1.0,0.16666666666666666,0.35709183205946704,0.8333333333333334,0.8650793650793651
Partial_Correlation,nonlinear,0.5,2,0.02679896354675293,0.5,0.5227272727272727,0.9545454545454546,0.0,0.0,0.0,,0.0,1.0
Mutual_Information,nonlinear,0.5,2,0.01628589630126953,0.5112433862433862,0.043514591863092034,0.5151515151515151,0.06060606060606061,0.6666666666666666,0.1111111111111111,-0.005382272482803234,0.6666666666666666,0.5079365079365079
Granger_Causality,nonlinear,0.5,2,9.107589721679688e-05,0.5,0.5227272727272727,0.9545454545454546,0.0,0.0,0.0,,0.0,1.0
Phase_Lag_Index,nonlinear,0.5,2,0.0006058216094970703,0.7843915343915344,0.1826526675485009,0.6515151515151515,0.1,0.8333333333333334,0.17857142857142858,0.3167304378134475,0.8333333333333334,0.7857142857142857
Coherence,nonlinear,0.5,2,0.01672816276550293,0.8273809523809523,0.2989523429321224,0.5454545454545454,0.09090909090909091,1.0,0.16666666666666666,0.2980903558384722,0.8333333333333334,0.7063492063492063
SMTE,nonlinear,0.5,3,0.07475113868713379,0.41798941798941797,0.07292618420975597,0.48484848484848486,0.030303030303030304,0.3333333333333333,0.05555555555555555,-0.020333591237322514,0.3333333333333333,0.9523809523809523
Pearson_Correlation,nonlinear,0.5,3,0.029246091842651367,0.36507936507936506,0.033199073413832256,0.5,0.045454545454545456,0.5,0.08333333333333333,-0.09233877262059081,0.5,0.5158730158730158
Lagged_Correlation,nonlinear,0.5,3,0.14829707145690918,0.8968253968253969,0.3483991637293524,0.5454545454545454,0.09090909090909091,1.0,0.16666666666666666,0.35709183205946704,0.8333333333333334,0.8650793650793651
Partial_Correlation,nonlinear,0.5,3,0.0269320011138916,0.5,0.5227272727272727,0.9545454545454546,0.0,0.0,0.0,,0.0,1.0
Mutual_Information,nonlinear,0.5,3,0.016710996627807617,0.5112433862433862,0.043514591863092034,0.5151515151515151,0.06060606060606061,0.6666666666666666,0.1111111111111111,-0.005382272482803234,0.6666666666666666,0.5079365079365079
Granger_Causality,nonlinear,0.5,3,8.893013000488281e-05,0.5,0.5227272727272727,0.9545454545454546,0.0,0.0,0.0,,0.0,1.0
Phase_Lag_Index,nonlinear,0.5,3,0.0005941390991210938,0.7843915343915344,0.1826526675485009,0.6515151515151515,0.1,0.8333333333333334,0.17857142857142858,0.3167304378134475,0.8333333333333334,0.7857142857142857
Coherence,nonlinear,0.5,3,0.016659259796142578,0.8273809523809523,0.2989523429321224,0.5454545454545454,0.09090909090909091,1.0,0.16666666666666666,0.2980903558384722,0.8333333333333334,0.7063492063492063
SMTE,nonlinear,0.5,4,0.07279515266418457,0.41798941798941797,0.07292618420975597,0.48484848484848486,0.030303030303030304,0.3333333333333333,0.05555555555555555,-0.020333591237322514,0.3333333333333333,0.9523809523809523
Pearson_Correlation,nonlinear,0.5,4,0.029661893844604492,0.36507936507936506,0.033199073413832256,0.5,0.045454545454545456,0.5,0.08333333333333333,-0.09233877262059081,0.5,0.5158730158730158
Lagged_Correlation,nonlinear,0.5,4,0.14847111701965332,0.8968253968253969,0.3483991637293524,0.5454545454545454,0.09090909090909091,1.0,0.16666666666666666,0.35709183205946704,0.8333333333333334,0.8650793650793651
Partial_Correlation,nonlinear,0.5,4,0.027154922485351562,0.5,0.5227272727272727,0.9545454545454546,0.0,0.0,0.0,,0.0,1.0
Mutual_Information,nonlinear,0.5,4,0.016974210739135742,0.5112433862433862,0.043514591863092034,0.5151515151515151,0.06060606060606061,0.6666666666666666,0.1111111111111111,-0.005382272482803234,0.6666666666666666,0.5079365079365079
Granger_Causality,nonlinear,0.5,4,8.130073547363281e-05,0.5,0.5227272727272727,0.9545454545454546,0.0,0.0,0.0,,0.0,1.0
Phase_Lag_Index,nonlinear,0.5,4,0.0006220340728759766,0.7843915343915344,0.1826526675485009,0.6515151515151515,0.1,0.8333333333333334,0.17857142857142858,0.3167304378134475,0.8333333333333334,0.7857142857142857
Coherence,nonlinear,0.5,4,0.016547203063964844,0.8273809523809523,0.2989523429321224,0.5454545454545454,0.09090909090909091,1.0,0.16666666666666666,0.2980903558384722,0.8333333333333334,0.7063492063492063
SMTE,nonlinear,0.8,0,0.0742790699005127,0.39285714285714285,0.19712488781340104,0.48484848484848486,0.030303030303030304,0.3333333333333333,0.05555555555555555,-0.05364230750174995,0.16666666666666666,0.9920634920634921
Pearson_Correlation,nonlinear,0.8,0,0.02955007553100586,0.38359788359788366,0.03522245296315317,0.45454545454545453,0.0,0.0,0.0,-0.10479662771815568,0.8333333333333334,0.3571428571428571
Lagged_Correlation,nonlinear,0.8,0,0.14632797241210938,0.7671957671957672,0.13690382472289134,0.5303030303030303,0.07575757575757576,0.8333333333333334,0.1388888888888889,0.19838548420287452,0.6666666666666666,0.8253968253968254
Partial_Correlation,nonlinear,0.8,0,0.02767634391784668,0.5,0.5227272727272727,0.9545454545454546,0.0,0.0,0.0,,0.0,1.0
Mutual_Information,nonlinear,0.8,0,0.01735401153564453,0.43386243386243384,0.03776968221970674,0.5,0.045454545454545456,0.5,0.08333333333333333,-0.047193906511675446,1.0,0.11111111111111116
Granger_Causality,nonlinear,0.8,0,7.510185241699219e-05,0.5,0.5227272727272727,0.9545454545454546,0.0,0.0,0.0,,0.0,1.0
Phase_Lag_Index,nonlinear,0.8,0,0.0006182193756103516,0.5978835978835979,0.11830517526688519,0.5454545454545454,0.06451612903225806,0.6666666666666666,0.11764705882352941,0.12696622775669222,0.3333333333333333,0.9841269841269842
Coherence,nonlinear,0.8,0,0.015899181365966797,0.7328042328042328,0.5105228245948327,0.5151515151515151,0.06060606060606061,0.6666666666666666,0.1111111111111111,0.24253647824135752,0.5,0.9920634920634921
SMTE,nonlinear,0.8,1,0.07393312454223633,0.39285714285714285,0.19712488781340104,0.48484848484848486,0.030303030303030304,0.3333333333333333,0.05555555555555555,-0.05364230750174995,0.16666666666666666,0.9920634920634921
Pearson_Correlation,nonlinear,0.8,1,0.02993607521057129,0.38359788359788366,0.03522245296315317,0.45454545454545453,0.0,0.0,0.0,-0.10479662771815568,0.8333333333333334,0.3571428571428571
Lagged_Correlation,nonlinear,0.8,1,0.1492910385131836,0.7671957671957672,0.13690382472289134,0.5303030303030303,0.07575757575757576,0.8333333333333334,0.1388888888888889,0.19838548420287452,0.6666666666666666,0.8253968253968254
Partial_Correlation,nonlinear,0.8,1,0.027554750442504883,0.5,0.5227272727272727,0.9545454545454546,0.0,0.0,0.0,,0.0,1.0
Mutual_Information,nonlinear,0.8,1,0.01652693748474121,0.43386243386243384,0.03776968221970674,0.5,0.045454545454545456,0.5,0.08333333333333333,-0.047193906511675446,1.0,0.11111111111111116
Granger_Causality,nonlinear,0.8,1,8.893013000488281e-05,0.5,0.5227272727272727,0.9545454545454546,0.0,0.0,0.0,,0.0,1.0
Phase_Lag_Index,nonlinear,0.8,1,0.0006072521209716797,0.5978835978835979,0.11830517526688519,0.5454545454545454,0.06451612903225806,0.6666666666666666,0.11764705882352941,0.12696622775669222,0.3333333333333333,0.9841269841269842
Coherence,nonlinear,0.8,1,0.016199111938476562,0.7328042328042328,0.5105228245948327,0.5151515151515151,0.06060606060606061,0.6666666666666666,0.1111111111111111,0.24253647824135752,0.5,0.9920634920634921
SMTE,nonlinear,0.8,2,0.07364416122436523,0.39285714285714285,0.19712488781340104,0.48484848484848486,0.030303030303030304,0.3333333333333333,0.05555555555555555,-0.05364230750174995,0.16666666666666666,0.9920634920634921
Pearson_Correlation,nonlinear,0.8,2,0.030126094818115234,0.38359788359788366,0.03522245296315317,0.45454545454545453,0.0,0.0,0.0,-0.10479662771815568,0.8333333333333334,0.3571428571428571
Lagged_Correlation,nonlinear,0.8,2,0.14969921112060547,0.7671957671957672,0.13690382472289134,0.5303030303030303,0.07575757575757576,0.8333333333333334,0.1388888888888889,0.19838548420287452,0.6666666666666666,0.8253968253968254
Partial_Correlation,nonlinear,0.8,2,0.02696394920349121,0.5,0.5227272727272727,0.9545454545454546,0.0,0.0,0.0,,0.0,1.0
Mutual_Information,nonlinear,0.8,2,0.017252206802368164,0.43386243386243384,0.03776968221970674,0.5,0.045454545454545456,0.5,0.08333333333333333,-0.047193906511675446,1.0,0.11111111111111116
Granger_Causality,nonlinear,0.8,2,8.702278137207031e-05,0.5,0.5227272727272727,0.9545454545454546,0.0,0.0,0.0,,0.0,1.0
Phase_Lag_Index,nonlinear,0.8,2,0.0005631446838378906,0.5978835978835979,0.11830517526688519,0.5454545454545454,0.06451612903225806,0.6666666666666666,0.11764705882352941,0.12696622775669222,0.3333333333333333,0.9841269841269842
Coherence,nonlinear,0.8,2,0.016037940979003906,0.7328042328042328,0.5105228245948327,0.5151515151515151,0.06060606060606061,0.6666666666666666,0.1111111111111111,0.24253647824135752,0.5,0.9920634920634921
SMTE,nonlinear,0.8,3,0.07505989074707031,0.39285714285714285,0.19712488781340104,0.48484848484848486,0.030303030303030304,0.3333333333333333,0.05555555555555555,-0.05364230750174995,0.16666666666666666,0.9920634920634921
Pearson_Correlation,nonlinear,0.8,3,0.030125141143798828,0.38359788359788366,0.03522245296315317,0.45454545454545453,0.0,0.0,0.0,-0.10479662771815568,0.8333333333333334,0.3571428571428571
Lagged_Correlation,nonlinear,0.8,3,0.15020108222961426,0.7671957671957672,0.13690382472289134,0.5303030303030303,0.07575757575757576,0.8333333333333334,0.1388888888888889,0.19838548420287452,0.6666666666666666,0.8253968253968254
Partial_Correlation,nonlinear,0.8,3,0.026830673217773438,0.5,0.5227272727272727,0.9545454545454546,0.0,0.0,0.0,,0.0,1.0
Mutual_Information,nonlinear,0.8,3,0.01667618751525879,0.43386243386243384,0.03776968221970674,0.5,0.045454545454545456,0.5,0.08333333333333333,-0.047193906511675446,1.0,0.11111111111111116
Granger_Causality,nonlinear,0.8,3,0.00010204315185546875,0.5,0.5227272727272727,0.9545454545454546,0.0,0.0,0.0,,0.0,1.0
Phase_Lag_Index,nonlinear,0.8,3,0.0006058216094970703,0.5978835978835979,0.11830517526688519,0.5454545454545454,0.06451612903225806,0.6666666666666666,0.11764705882352941,0.12696622775669222,0.3333333333333333,0.9841269841269842
Coherence,nonlinear,0.8,3,0.016538143157958984,0.7328042328042328,0.5105228245948327,0.5151515151515151,0.06060606060606061,0.6666666666666666,0.1111111111111111,0.24253647824135752,0.5,0.9920634920634921
SMTE,nonlinear,0.8,4,0.0749812126159668,0.39285714285714285,0.19712488781340104,0.48484848484848486,0.030303030303030304,0.3333333333333333,0.05555555555555555,-0.05364230750174995,0.16666666666666666,0.9920634920634921
Pearson_Correlation,nonlinear,0.8,4,0.030949115753173828,0.38359788359788366,0.03522245296315317,0.45454545454545453,0.0,0.0,0.0,-0.10479662771815568,0.8333333333333334,0.3571428571428571
Lagged_Correlation,nonlinear,0.8,4,0.14810514450073242,0.7671957671957672,0.13690382472289134,0.5303030303030303,0.07575757575757576,0.8333333333333334,0.1388888888888889,0.19838548420287452,0.6666666666666666,0.8253968253968254
Partial_Correlation,nonlinear,0.8,4,0.028098106384277344,0.5,0.5227272727272727,0.9545454545454546,0.0,0.0,0.0,,0.0,1.0
Mutual_Information,nonlinear,0.8,4,0.017287015914916992,0.43386243386243384,0.03776968221970674,0.5,0.045454545454545456,0.5,0.08333333333333333,-0.047193906511675446,1.0,0.11111111111111116
Granger_Causality,nonlinear,0.8,4,8.106231689453125e-05,0.5,0.5227272727272727,0.9545454545454546,0.0,0.0,0.0,,0.0,1.0
Phase_Lag_Index,nonlinear,0.8,4,0.0005888938903808594,0.5978835978835979,0.11830517526688519,0.5454545454545454,0.06451612903225806,0.6666666666666666,0.11764705882352941,0.12696622775669222,0.3333333333333333,0.9841269841269842
Coherence,nonlinear,0.8,4,0.016216039657592773,0.7328042328042328,0.5105228245948327,0.5151515151515151,0.06060606060606061,0.6666666666666666,0.1111111111111111,0.24253647824135752,0.5,0.9920634920634921
SMTE,mixed,0.2,0,0.07342314720153809,0.9021164021164021,0.5729843030108218,0.5454545454545454,0.09090909090909091,1.0,0.16666666666666666,0.34945970588540953,0.8333333333333334,0.9047619047619048
Pearson_Correlation,mixed,0.2,0,0.030004262924194336,0.41732804232804227,0.037250798429331794,0.5,0.045454545454545456,0.5,0.08333333333333333,-0.06239595966602492,0.5,0.6428571428571428
Lagged_Correlation,mixed,0.2,0,0.14852094650268555,0.9973544973544974,0.9553571428571428,0.5454545454545454,0.09090909090909091,1.0,0.16666666666666666,0.7219839364877082,1.0,0.9761904761904762
Partial_Correlation,mixed,0.2,0,0.026800155639648438,0.5,0.5227272727272727,0.9545454545454546,0.0,0.0,0.0,,0.0,1.0
Mutual_Information,mixed,0.2,0,0.016456127166748047,0.7116402116402116,0.07931103865105305,0.5303030303030303,0.07575757575757576,0.8333333333333334,0.1388888888888889,0.1256249144269742,0.8333333333333334,0.6587301587301587
Granger_Causality,mixed,0.2,0,8.58306884765625e-05,0.5,0.5227272727272727,0.9545454545454546,0.0,0.0,0.0,,0.0,1.0
Phase_Lag_Index,mixed,0.2,0,0.0005939006805419922,0.8267195767195769,0.6737614237614237,0.5303030303030303,0.07575757575757576,0.8333333333333334,0.1388888888888889,0.5377182642704351,0.8333333333333334,0.9603174603174603
Coherence,mixed,0.2,0,0.01638317108154297,0.9867724867724867,0.6541666666666667,0.5454545454545454,0.09090909090909091,1.0,0.16666666666666666,0.5773587551582793,1.0,0.9682539682539683
SMTE,mixed,0.2,1,0.07440376281738281,0.9021164021164021,0.5729843030108218,0.5454545454545454,0.09090909090909091,1.0,0.16666666666666666,0.34945970588540953,0.8333333333333334,0.9047619047619048
Pearson_Correlation,mixed,0.2,1,0.030382156372070312,0.41732804232804227,0.037250798429331794,0.5,0.045454545454545456,0.5,0.08333333333333333,-0.06239595966602492,0.5,0.6428571428571428
Lagged_Correlation,mixed,0.2,1,0.15044903755187988,0.9973544973544974,0.9553571428571428,0.5454545454545454,0.09090909090909091,1.0,0.16666666666666666,0.7219839364877082,1.0,0.9761904761904762
Partial_Correlation,mixed,0.2,1,0.027427196502685547,0.5,0.5227272727272727,0.9545454545454546,0.0,0.0,0.0,,0.0,1.0
Mutual_Information,mixed,0.2,1,0.01678299903869629,0.7116402116402116,0.07931103865105305,0.5303030303030303,0.07575757575757576,0.8333333333333334,0.1388888888888889,0.1256249144269742,0.8333333333333334,0.6587301587301587
Granger_Causality,mixed,0.2,1,8.916854858398438e-05,0.5,0.5227272727272727,0.9545454545454546,0.0,0.0,0.0,,0.0,1.0
Phase_Lag_Index,mixed,0.2,1,0.0006799697875976562,0.8267195767195769,0.6737614237614237,0.5303030303030303,0.07575757575757576,0.8333333333333334,0.1388888888888889,0.5377182642704351,0.8333333333333334,0.9603174603174603
Coherence,mixed,0.2,1,0.01743006706237793,0.9867724867724867,0.6541666666666667,0.5454545454545454,0.09090909090909091,1.0,0.16666666666666666,0.5773587551582793,1.0,0.9682539682539683
SMTE,mixed,0.2,2,0.07371091842651367,0.9021164021164021,0.5729843030108218,0.5454545454545454,0.09090909090909091,1.0,0.16666666666666666,0.34945970588540953,0.8333333333333334,0.9047619047619048
Pearson_Correlation,mixed,0.2,2,0.029386043548583984,0.41732804232804227,0.037250798429331794,0.5,0.045454545454545456,0.5,0.08333333333333333,-0.06239595966602492,0.5,0.6428571428571428
Lagged_Correlation,mixed,0.2,2,0.15054917335510254,0.9973544973544974,0.9553571428571428,0.5454545454545454,0.09090909090909091,1.0,0.16666666666666666,0.7219839364877082,1.0,0.9761904761904762
Partial_Correlation,mixed,0.2,2,0.027461767196655273,0.5,0.5227272727272727,0.9545454545454546,0.0,0.0,0.0,,0.0,1.0
Mutual_Information,mixed,0.2,2,0.016950130462646484,0.7116402116402116,0.07931103865105305,0.5303030303030303,0.07575757575757576,0.8333333333333334,0.1388888888888889,0.1256249144269742,0.8333333333333334,0.6587301587301587
Granger_Causality,mixed,0.2,2,0.0001010894775390625,0.5,0.5227272727272727,0.9545454545454546,0.0,0.0,0.0,,0.0,1.0
Phase_Lag_Index,mixed,0.2,2,0.0006101131439208984,0.8267195767195769,0.6737614237614237,0.5303030303030303,0.07575757575757576,0.8333333333333334,0.1388888888888889,0.5377182642704351,0.8333333333333334,0.9603174603174603
Coherence,mixed,0.2,2,0.016621112823486328,0.9867724867724867,0.6541666666666667,0.5454545454545454,0.09090909090909091,1.0,0.16666666666666666,0.5773587551582793,1.0,0.9682539682539683
SMTE,mixed,0.2,3,0.07433605194091797,0.9021164021164021,0.5729843030108218,0.5454545454545454,0.09090909090909091,1.0,0.16666666666666666,0.34945970588540953,0.8333333333333334,0.9047619047619048
Pearson_Correlation,mixed,0.2,3,0.030727863311767578,0.41732804232804227,0.037250798429331794,0.5,0.045454545454545456,0.5,0.08333333333333333,-0.06239595966602492,0.5,0.6428571428571428
Lagged_Correlation,mixed,0.2,3,0.15097498893737793,0.9973544973544974,0.9553571428571428,0.5454545454545454,0.09090909090909091,1.0,0.16666666666666666,0.7219839364877082,1.0,0.9761904761904762
Partial_Correlation,mixed,0.2,3,0.02756786346435547,0.5,0.5227272727272727,0.9545454545454546,0.0,0.0,0.0,,0.0,1.0
Mutual_Information,mixed,0.2,3,0.017126083374023438,0.7116402116402116,0.07931103865105305,0.5303030303030303,0.07575757575757576,0.8333333333333334,0.1388888888888889,0.1256249144269742,0.8333333333333334,0.6587301587301587
Granger_Causality,mixed,0.2,3,8.988380432128906e-05,0.5,0.5227272727272727,0.9545454545454546,0.0,0.0,0.0,,0.0,1.0
Phase_Lag_Index,mixed,0.2,3,0.0005927085876464844,0.8267195767195769,0.6737614237614237,0.5303030303030303,0.07575757575757576,0.8333333333333334,0.1388888888888889,0.5377182642704351,0.8333333333333334,0.9603174603174603
Coherence,mixed,0.2,3,0.016764163970947266,0.9867724867724867,0.6541666666666667,0.5454545454545454,0.09090909090909091,1.0,0.16666666666666666,0.5773587551582793,1.0,0.9682539682539683
SMTE,mixed,0.2,4,0.07510519027709961,0.9021164021164021,0.5729843030108218,0.5454545454545454,0.09090909090909091,1.0,0.16666666666666666,0.34945970588540953,0.8333333333333334,0.9047619047619048
Pearson_Correlation,mixed,0.2,4,0.03082895278930664,0.41732804232804227,0.037250798429331794,0.5,0.045454545454545456,0.5,0.08333333333333333,-0.06239595966602492,0.5,0.6428571428571428
Lagged_Correlation,mixed,0.2,4,0.15019917488098145,0.9973544973544974,0.9553571428571428,0.5454545454545454,0.09090909090909091,1.0,0.16666666666666666,0.7219839364877082,1.0,0.9761904761904762
Partial_Correlation,mixed,0.2,4,0.02697587013244629,0.5,0.5227272727272727,0.9545454545454546,0.0,0.0,0.0,,0.0,1.0
Mutual_Information,mixed,0.2,4,0.016718149185180664,0.7116402116402116,0.07931103865105305,0.5303030303030303,0.07575757575757576,0.8333333333333334,0.1388888888888889,0.1256249144269742,0.8333333333333334,0.6587301587301587
Granger_Causality,mixed,0.2,4,8.392333984375e-05,0.5,0.5227272727272727,0.9545454545454546,0.0,0.0,0.0,,0.0,1.0
Phase_Lag_Index,mixed,0.2,4,0.000621795654296875,0.8267195767195769,0.6737614237614237,0.5303030303030303,0.07575757575757576,0.8333333333333334,0.1388888888888889,0.5377182642704351,0.8333333333333334,0.9603174603174603
Coherence,mixed,0.2,4,0.016198158264160156,0.9867724867724867,0.6541666666666667,0.5454545454545454,0.09090909090909091,1.0,0.16666666666666666,0.5773587551582793,1.0,0.9682539682539683
SMTE,mixed,0.5,0,0.07468914985656738,0.5304232804232805,0.05010230137177624,0.5,0.045454545454545456,0.5,0.08333333333333333,0.03298040958045203,1.0,0.19841269841269837
Pearson_Correlation,mixed,0.5,0,0.030163049697875977,0.38293650793650796,0.03429095862307928,0.5,0.045454545454545456,0.5,0.08333333333333333,-0.08326827152859015,0.6666666666666666,0.38095238095238093
Lagged_Correlation,mixed,0.5,0,0.15130305290222168,0.9788359788359788,0.875901875901876,0.5454545454545454,0.09090909090909091,1.0,0.16666666666666666,0.6253205028776656,1.0,0.8650793650793651
Partial_Correlation,mixed,0.5,0,0.027889728546142578,0.5,0.5227272727272727,0.9545454545454546,0.0,0.0,0.0,,0.0,1.0
Mutual_Information,mixed,0.5,0,0.017719030380249023,0.7764550264550265,0.09724837843625352,0.5454545454545454,0.09090909090909091,1.0,0.16666666666666666,0.15822929694241533,1.0,0.5396825396825398
Granger_Causality,mixed,0.5,0,8.988380432128906e-05,0.5,0.5227272727272727,0.9545454545454546,0.0,0.0,0.0,,0.0,1.0
Phase_Lag_Index,mixed,0.5,0,0.0005681514739990234,0.8293650793650793,0.5339611471045295,0.5454545454545454,0.078125,0.8333333333333334,0.14285714285714285,0.4409135362915765,0.6666666666666666,0.9682539682539683
Coherence,mixed,0.5,0,0.01730823516845703,0.9530423280423281,0.5962826797385621,0.5454545454545454,0.09090909090909091,1.0,0.16666666666666666,0.47630324054905465,0.8333333333333334,0.9761904761904762
SMTE,mixed,0.5,1,0.0751333236694336,0.5304232804232805,0.05010230137177624,0.5,0.045454545454545456,0.5,0.08333333333333333,0.03298040958045203,1.0,0.19841269841269837
Pearson_Correlation,mixed,0.5,1,0.031147003173828125,0.38293650793650796,0.03429095862307928,0.5,0.045454545454545456,0.5,0.08333333333333333,-0.08326827152859015,0.6666666666666666,0.38095238095238093
Lagged_Correlation,mixed,0.5,1,0.15176105499267578,0.9788359788359788,0.875901875901876,0.5454545454545454,0.09090909090909091,1.0,0.16666666666666666,0.6253205028776656,1.0,0.8650793650793651
Partial_Correlation,mixed,0.5,1,0.02737736701965332,0.5,0.5227272727272727,0.9545454545454546,0.0,0.0,0.0,,0.0,1.0
Mutual_Information,mixed,0.5,1,0.016525983810424805,0.7764550264550265,0.09724837843625352,0.5454545454545454,0.09090909090909091,1.0,0.16666666666666666,0.15822929694241533,1.0,0.5396825396825398
Granger_Causality,mixed,0.5,1,9.608268737792969e-05,0.5,0.5227272727272727,0.9545454545454546,0.0,0.0,0.0,,0.0,1.0
Phase_Lag_Index,mixed,0.5,1,0.0006079673767089844,0.8293650793650793,0.5339611471045295,0.5454545454545454,0.078125,0.8333333333333334,0.14285714285714285,0.4409135362915765,0.6666666666666666,0.9682539682539683
Coherence,mixed,0.5,1,0.01679396629333496,0.9530423280423281,0.5962826797385621,0.5454545454545454,0.09090909090909091,1.0,0.16666666666666666,0.47630324054905465,0.8333333333333334,0.9761904761904762
SMTE,mixed,0.5,2,0.07714986801147461,0.5304232804232805,0.05010230137177624,0.5,0.045454545454545456,0.5,0.08333333333333333,0.03298040958045203,1.0,0.19841269841269837
Pearson_Correlation,mixed,0.5,2,0.030657052993774414,0.38293650793650796,0.03429095862307928,0.5,0.045454545454545456,0.5,0.08333333333333333,-0.08326827152859015,0.6666666666666666,0.38095238095238093
Lagged_Correlation,mixed,0.5,2,0.15100312232971191,0.9788359788359788,0.875901875901876,0.5454545454545454,0.09090909090909091,1.0,0.16666666666666666,0.6253205028776656,1.0,0.8650793650793651
Partial_Correlation,mixed,0.5,2,0.02795886993408203,0.5,0.5227272727272727,0.9545454545454546,0.0,0.0,0.0,,0.0,1.0
Mutual_Information,mixed,0.5,2,0.016922950744628906,0.7764550264550265,0.09724837843625352,0.5454545454545454,0.09090909090909091,1.0,0.16666666666666666,0.15822929694241533,1.0,0.5396825396825398
Granger_Causality,mixed,0.5,2,8.20159912109375e-05,0.5,0.5227272727272727,0.9545454545454546,0.0,0.0,0.0,,0.0,1.0
Phase_Lag_Index,mixed,0.5,2,0.0005631446838378906,0.8293650793650793,0.5339611471045295,0.5454545454545454,0.078125,0.8333333333333334,0.14285714285714285,0.4409135362915765,0.6666666666666666,0.9682539682539683
Coherence,mixed,0.5,2,0.017761945724487305,0.9530423280423281,0.5962826797385621,0.5454545454545454,0.09090909090909091,1.0,0.16666666666666666,0.47630324054905465,0.8333333333333334,0.9761904761904762
SMTE,mixed,0.5,3,0.07581305503845215,0.5304232804232805,0.05010230137177624,0.5,0.045454545454545456,0.5,0.08333333333333333,0.03298040958045203,1.0,0.19841269841269837
Pearson_Correlation,mixed,0.5,3,0.030682086944580078,0.38293650793650796,0.03429095862307928,0.5,0.045454545454545456,0.5,0.08333333333333333,-0.08326827152859015,0.6666666666666666,0.38095238095238093
Lagged_Correlation,mixed,0.5,3,0.15127801895141602,0.9788359788359788,0.875901875901876,0.5454545454545454,0.09090909090909091,1.0,0.16666666666666666,0.6253205028776656,1.0,0.8650793650793651
Partial_Correlation,mixed,0.5,3,0.027575016021728516,0.5,0.5227272727272727,0.9545454545454546,0.0,0.0,0.0,,0.0,1.0
Mutual_Information,mixed,0.5,3,0.016643762588500977,0.7764550264550265,0.09724837843625352,0.5454545454545454,0.09090909090909091,1.0,0.16666666666666666,0.15822929694241533,1.0,0.5396825396825398
Granger_Causality,mixed,0.5,3,9.131431579589844e-05,0.5,0.5227272727272727,0.9545454545454546,0.0,0.0,0.0,,0.0,1.0
Phase_Lag_Index,mixed,0.5,3,0.0006122589111328125,0.8293650793650793,0.5339611471045295,0.5454545454545454,0.078125,0.8333333333333334,0.14285714285714285,0.4409135362915765,0.6666666666666666,0.9682539682539683
Coherence,mixed,0.5,3,0.016761064529418945,0.9530423280423281,0.5962826797385621,0.5454545454545454,0.09090909090909091,1.0,0.16666666666666666,0.47630324054905465,0.8333333333333334,0.9761904761904762
SMTE,mixed,0.5,4,0.07322192192077637,0.5304232804232805,0.05010230137177624,0.5,0.045454545454545456,0.5,0.08333333333333333,0.03298040958045203,1.0,0.19841269841269837
Pearson_Correlation,mixed,0.5,4,0.030305862426757812,0.38293650793650796,0.03429095862307928,0.5,0.045454545454545456,0.5,0.08333333333333333,-0.08326827152859015,0.6666666666666666,0.38095238095238093
Lagged_Correlation,mixed,0.5,4,0.15107512474060059,0.9788359788359788,0.875901875901876,0.5454545454545454,0.09090909090909091,1.0,0.16666666666666666,0.6253205028776656,1.0,0.8650793650793651
Partial_Correlation,mixed,0.5,4,0.027697324752807617,0.5,0.5227272727272727,0.9545454545454546,0.0,0.0,0.0,,0.0,1.0
Mutual_Information,mixed,0.5,4,0.016860008239746094,0.7764550264550265,0.09724837843625352,0.5454545454545454,0.09090909090909091,1.0,0.16666666666666666,0.15822929694241533,1.0,0.5396825396825398
Granger_Causality,mixed,0.5,4,8.487701416015625e-05,0.5,0.5227272727272727,0.9545454545454546,0.0,0.0,0.0,,0.0,1.0
Phase_Lag_Index,mixed,0.5,4,0.0005991458892822266,0.8293650793650793,0.5339611471045295,0.5454545454545454,0.078125,0.8333333333333334,0.14285714285714285,0.4409135362915765,0.6666666666666666,0.9682539682539683
Coherence,mixed,0.5,4,0.0165560245513916,0.9530423280423281,0.5962826797385621,0.5454545454545454,0.09090909090909091,1.0,0.16666666666666666,0.47630324054905465,0.8333333333333334,0.9761904761904762
SMTE,mixed,0.8,0,0.07624506950378418,0.4497354497354497,0.05342378845739916,0.48484848484848486,0.030303030303030304,0.3333333333333333,0.05555555555555555,-0.021281218024474288,0.16666666666666666,0.9761904761904762
Pearson_Correlation,mixed,0.8,0,0.030881881713867188,0.3908730158730159,0.03557727179314941,0.4696969696969697,0.015151515151515152,0.16666666666666666,0.027777777777777776,-0.09492788503431793,0.8333333333333334,0.40476190476190477
Lagged_Correlation,mixed,0.8,0,0.15137696266174316,0.962962962962963,0.6932602421732856,0.5454545454545454,0.09090909090909091,1.0,0.16666666666666666,0.49982518370518036,1.0,0.8571428571428572
Partial_Correlation,mixed,0.8,0,0.027299880981445312,0.4920634920634921,0.022727272727272728,0.9393939393939394,0.0,0.0,0.0,-0.027066598098038346,0.0,1.0
Mutual_Information,mixed,0.8,0,0.016989946365356445,0.634920634920635,0.16542055783963083,0.5151515151515151,0.06060606060606061,0.6666666666666666,0.1111111111111111,0.1165275777654289,0.5,0.9444444444444444
Granger_Causality,mixed,0.8,0,8.988380432128906e-05,0.5,0.5227272727272727,0.9545454545454546,0.0,0.0,0.0,,0.0,1.0
Phase_Lag_Index,mixed,0.8,0,0.0006029605865478516,0.6653439153439152,0.3148327293274102,0.5454545454545454,0.06451612903225806,0.6666666666666666,0.11764705882352941,0.26372788164770133,0.6666666666666666,0.7777777777777778
Coherence,mixed,0.8,0,0.016377925872802734,0.8578042328042328,0.4014950229738963,0.5303030303030303,0.07575757575757576,0.8333333333333334,0.1388888888888889,0.3652326017980827,0.8333333333333334,0.8174603174603174
SMTE,mixed,0.8,1,0.07429003715515137,0.4497354497354497,0.05342378845739916,0.48484848484848486,0.030303030303030304,0.3333333333333333,0.05555555555555555,-0.021281218024474288,0.16666666666666666,0.9761904761904762
Pearson_Correlation,mixed,0.8,1,0.029906034469604492,0.3908730158730159,0.03557727179314941,0.4696969696969697,0.015151515151515152,0.16666666666666666,0.027777777777777776,-0.09492788503431793,0.8333333333333334,0.40476190476190477
Lagged_Correlation,mixed,0.8,1,0.15099287033081055,0.962962962962963,0.6932602421732856,0.5454545454545454,0.09090909090909091,1.0,0.16666666666666666,0.49982518370518036,1.0,0.8571428571428572
Partial_Correlation,mixed,0.8,1,0.02727818489074707,0.4920634920634921,0.022727272727272728,0.9393939393939394,0.0,0.0,0.0,-0.027066598098038346,0.0,1.0
Mutual_Information,mixed,0.8,1,0.017302989959716797,0.634920634920635,0.16542055783963083,0.5151515151515151,0.06060606060606061,0.6666666666666666,0.1111111111111111,0.1165275777654289,0.5,0.9444444444444444
Granger_Causality,mixed,0.8,1,7.891654968261719e-05,0.5,0.5227272727272727,0.9545454545454546,0.0,0.0,0.0,,0.0,1.0
Phase_Lag_Index,mixed,0.8,1,0.000659942626953125,0.6653439153439152,0.3148327293274102,0.5454545454545454,0.06451612903225806,0.6666666666666666,0.11764705882352941,0.26372788164770133,0.6666666666666666,0.7777777777777778
Coherence,mixed,0.8,1,0.017507076263427734,0.8578042328042328,0.4014950229738963,0.5303030303030303,0.07575757575757576,0.8333333333333334,0.1388888888888889,0.3652326017980827,0.8333333333333334,0.8174603174603174
SMTE,mixed,0.8,2,0.07409310340881348,0.4497354497354497,0.05342378845739916,0.48484848484848486,0.030303030303030304,0.3333333333333333,0.05555555555555555,-0.021281218024474288,0.16666666666666666,0.9761904761904762
Pearson_Correlation,mixed,0.8,2,0.030181884765625,0.3908730158730159,0.03557727179314941,0.4696969696969697,0.015151515151515152,0.16666666666666666,0.027777777777777776,-0.09492788503431793,0.8333333333333334,0.40476190476190477
Lagged_Correlation,mixed,0.8,2,0.15094709396362305,0.962962962962963,0.6932602421732856,0.5454545454545454,0.09090909090909091,1.0,0.16666666666666666,0.49982518370518036,1.0,0.8571428571428572
Partial_Correlation,mixed,0.8,2,0.02726292610168457,0.4920634920634921,0.022727272727272728,0.9393939393939394,0.0,0.0,0.0,-0.027066598098038346,0.0,1.0
Mutual_Information,mixed,0.8,2,0.017473697662353516,0.634920634920635,0.16542055783963083,0.5151515151515151,0.06060606060606061,0.6666666666666666,0.1111111111111111,0.1165275777654289,0.5,0.9444444444444444
Granger_Causality,mixed,0.8,2,9.489059448242188e-05,0.5,0.5227272727272727,0.9545454545454546,0.0,0.0,0.0,,0.0,1.0
Phase_Lag_Index,mixed,0.8,2,0.0006208419799804688,0.6653439153439152,0.3148327293274102,0.5454545454545454,0.06451612903225806,0.6666666666666666,0.11764705882352941,0.26372788164770133,0.6666666666666666,0.7777777777777778
Coherence,mixed,0.8,2,0.017021894454956055,0.8578042328042328,0.4014950229738963,0.5303030303030303,0.07575757575757576,0.8333333333333334,0.1388888888888889,0.3652326017980827,0.8333333333333334,0.8174603174603174
SMTE,mixed,0.8,3,0.07569003105163574,0.4497354497354497,0.05342378845739916,0.48484848484848486,0.030303030303030304,0.3333333333333333,0.05555555555555555,-0.021281218024474288,0.16666666666666666,0.9761904761904762
Pearson_Correlation,mixed,0.8,3,0.030369997024536133,0.3908730158730159,0.03557727179314941,0.4696969696969697,0.015151515151515152,0.16666666666666666,0.027777777777777776,-0.09492788503431793,0.8333333333333334,0.40476190476190477
Lagged_Correlation,mixed,0.8,3,0.14806509017944336,0.962962962962963,0.6932602421732856,0.5454545454545454,0.09090909090909091,1.0,0.16666666666666666,0.49982518370518036,1.0,0.8571428571428572
Partial_Correlation,mixed,0.8,3,0.027530908584594727,0.4920634920634921,0.022727272727272728,0.9393939393939394,0.0,0.0,0.0,-0.027066598098038346,0.0,1.0
Mutual_Information,mixed,0.8,3,0.016423940658569336,0.634920634920635,0.16542055783963083,0.5151515151515151,0.06060606060606061,0.6666666666666666,0.1111111111111111,0.1165275777654289,0.5,0.9444444444444444
Granger_Causality,mixed,0.8,3,7.987022399902344e-05,0.5,0.5227272727272727,0.9545454545454546,0.0,0.0,0.0,,0.0,1.0
Phase_Lag_Index,mixed,0.8,3,0.0006101131439208984,0.6653439153439152,0.3148327293274102,0.5454545454545454,0.06451612903225806,0.6666666666666666,0.11764705882352941,0.26372788164770133,0.6666666666666666,0.7777777777777778
Coherence,mixed,0.8,3,0.01664280891418457,0.8578042328042328,0.4014950229738963,0.5303030303030303,0.07575757575757576,0.8333333333333334,0.1388888888888889,0.3652326017980827,0.8333333333333334,0.8174603174603174
SMTE,mixed,0.8,4,0.07607293128967285,0.4497354497354497,0.05342378845739916,0.48484848484848486,0.030303030303030304,0.3333333333333333,0.05555555555555555,-0.021281218024474288,0.16666666666666666,0.9761904761904762
Pearson_Correlation,mixed,0.8,4,0.0293428897857666,0.3908730158730159,0.03557727179314941,0.4696969696969697,0.015151515151515152,0.16666666666666666,0.027777777777777776,-0.09492788503431793,0.8333333333333334,0.40476190476190477
Lagged_Correlation,mixed,0.8,4,0.1486983299255371,0.962962962962963,0.6932602421732856,0.5454545454545454,0.09090909090909091,1.0,0.16666666666666666,0.49982518370518036,1.0,0.8571428571428572
Partial_Correlation,mixed,0.8,4,0.027184009552001953,0.4920634920634921,0.022727272727272728,0.9393939393939394,0.0,0.0,0.0,-0.027066598098038346,0.0,1.0
Mutual_Information,mixed,0.8,4,0.016534090042114258,0.634920634920635,0.16542055783963083,0.5151515151515151,0.06060606060606061,0.6666666666666666,0.1111111111111111,0.1165275777654289,0.5,0.9444444444444444
Granger_Causality,mixed,0.8,4,7.772445678710938e-05,0.5,0.5227272727272727,0.9545454545454546,0.0,0.0,0.0,,0.0,1.0
Phase_Lag_Index,mixed,0.8,4,0.0005748271942138672,0.6653439153439152,0.3148327293274102,0.5454545454545454,0.06451612903225806,0.6666666666666666,0.11764705882352941,0.26372788164770133,0.6666666666666666,0.7777777777777778
Coherence,mixed,0.8,4,0.0177609920501709,0.8578042328042328,0.4014950229738963,0.5303030303030303,0.07575757575757576,0.8333333333333334,0.1388888888888889,0.3652326017980827,0.8333333333333334,0.8174603174603174
